{
  "loss": [
    2.1332154273986816,
    1.2781914472579956,
    1.0343883037567139,
    0.8732998967170715,
    0.7412206530570984,
    0.6464791893959045,
    0.5647304058074951,
    0.4955858588218689,
    0.4391418695449829,
    0.3931572437286377,
    0.35246580839157104,
    0.32570335268974304,
    0.2969091832637787,
    0.2763673663139343,
    0.2566707730293274,
    0.23725448548793793
  ],
  "accuracy": [
    0.45417776703834534,
    0.64246666431427,
    0.7013777494430542,
    0.7426666617393494,
    0.7777555584907532,
    0.8050444722175598,
    0.8288888931274414,
    0.8476222157478333,
    0.862933337688446,
    0.8775110840797424,
    0.8887333273887634,
    0.8968222141265869,
    0.9067777991294861,
    0.912577748298645,
    0.9185555577278137,
    0.926800012588501
  ],
  "val_loss": [
    1.051710605621338,
    0.8831552863121033,
    0.8359705209732056,
    0.8327313661575317,
    0.8220958113670349,
    0.8170690536499023,
    0.8606128096580505,
    0.8785324096679688,
    0.9463114142417908,
    0.914595901966095,
    0.9590218663215637,
    0.9326112270355225,
    0.954186737537384,
    0.9560693502426147,
    1.003449559211731,
    1.0150545835494995
  ],
  "val_accuracy": [
    0.6990000009536743,
    0.7426000237464905,
    0.7594000101089478,
    0.7620000243186951,
    0.7767999768257141,
    0.7760000228881836,
    0.7720000147819519,
    0.770799994468689,
    0.769599974155426,
    0.7675999999046326,
    0.7685999870300293,
    0.7724000215530396,
    0.7739999890327454,
    0.7864000201225281,
    0.7684000134468079,
    0.770799994468689
  ]
}