{
  "loss": [
    1.1441128253936768,
    0.8838708400726318,
    0.8319914937019348,
    0.8085850477218628,
    0.7950865626335144,
    0.7840394377708435,
    0.7858560085296631,
    0.7774887084960938,
    0.773868203163147,
    0.7711979746818542
  ],
  "accuracy": [
    0.6557777523994446,
    0.7245333194732666,
    0.7397555708885193,
    0.7465111017227173,
    0.7482666373252869,
    0.7518888711929321,
    0.7505778074264526,
    0.7535777688026428,
    0.7532666921615601,
    0.7537111043930054
  ],
  "val_loss": [
    0.8881467580795288,
    0.8455408215522766,
    0.8337400555610657,
    0.8322949409484863,
    0.8330258727073669,
    0.8312552571296692,
    0.8336847424507141,
    0.8342621326446533,
    0.8354166150093079,
    0.8398822546005249
  ],
  "val_accuracy": [
    0.7229999899864197,
    0.7355999946594238,
    0.7419999837875366,
    0.7465999722480774,
    0.7426000237464905,
    0.7462000250816345,
    0.743399977684021,
    0.7450000047683716,
    0.7487999796867371,
    0.7459999918937683
  ]
}