{
  "accuracy": 0.7396,
  "top_3_accuracy": 0.9129,
  "top_5_accuracy": 0.958,
  "macro_precision": 0.7388104476590119,
  "macro_recall": 0.7396,
  "macro_f1": 0.7385248661797552,
  "weighted_precision": 0.7388104476590119,
  "weighted_recall": 0.7396,
  "weighted_f1": 0.7385248661797552,
  "confusion_matrix": [
    [
      287,
      29,
      0,
      0,
      2,
      4,
      2,
      6,
      22,
      0,
      4,
      12,
      29,
      12,
      4,
      53,
      31,
      0,
      1,
      2
    ],
    [
      42,
      311,
      10,
      4,
      12,
      0,
      5,
      14,
      4,
      3,
      4,
      9,
      9,
      9,
      12,
      36,
      11,
      1,
      2,
      2
    ],
    [
      0,
      9,
      422,
      0,
      21,
      1,
      1,
      14,
      1,
      2,
      5,
      0,
      1,
      11,
      4,
      2,
      0,
      6,
      0,
      0
    ],
    [
      1,
      0,
      3,
      431,
      13,
      20,
      7,
      2,
      0,
      1,
      1,
      0,
      2,
      6,
      0,
      2,
      1,
      0,
      2,
      8
    ],
    [
      1,
      2,
      16,
      15,
      423,
      1,
      1,
      3,
      4,
      1,
      0,
      3,
      5,
      8,
      2,
      4,
      7,
      3,
      0,
      1
    ],
    [
      0,
      4,
      1,
      38,
      3,
      383,
      27,
      2,
      0,
      3,
      5,
      0,
      1,
      7,
      5,
      2,
      1,
      4,
      6,
      8
    ],
    [
      2,
      3,
      0,
      12,
      0,
      18,
      425,
      0,
      4,
      8,
      1,
      1,
      1,
      2,
      7,
      2,
      3,
      0,
      5,
      6
    ],
    [
      2,
      17,
      26,
      4,
      12,
      0,
      1,
      357,
      1,
      2,
      1,
      1,
      13,
      28,
      6,
      16,
      7,
      0,
      0,
      6
    ],
    [
      27,
      5,
      0,
      3,
      1,
      1,
      3,
      5,
      346,
      0,
      4,
      29,
      32,
      2,
      1,
      18,
      21,
      1,
      0,
      1
    ],
    [
      0,
      2,
      0,
      1,
      0,
      3,
      8,
      2,
      2,
      436,
      9,
      0,
      0,
      0,
      0,
      2,
      0,
      4,
      15,
      16
    ],
    [
      5,
      7,
      2,
      0,
      2,
      1,
      1,
      1,
      2,
      27,
      406,
      3,
      4,
      1,
      1,
      3,
      2,
      29,
      1,
      2
    ],
    [
      11,
      6,
      3,
      1,
      0,
      6,
      4,
      0,
      29,
      2,
      1,
      352,
      29,
      4,
      12,
      8,
      21,
      2,
      3,
      6
    ],
    [
      21,
      9,
      2,
      4,
      3,
      4,
      3,
      6,
      32,
      2,
      1,
      21,
      312,
      13,
      7,
      10,
      40,
      2,
      4,
      4
    ],
    [
      6,
      23,
      6,
      6,
      13,
      5,
      6,
      37,
      8,
      0,
      3,
      2,
      8,
      290,
      3,
      56,
      14,
      6,
      3,
      5
    ],
    [
      2,
      6,
      1,
      1,
      5,
      6,
      8,
      2,
      3,
      1,
      1,
      8,
      4,
      7,
      429,
      5,
      4,
      0,
      5,
      2
    ],
    [
      22,
      31,
      2,
      4,
      5,
      2,
      1,
      20,
      11,
      2,
      4,
      13,
      16,
      37,
      1,
      300,
      14,
      6,
      5,
      4
    ],
    [
      29,
      18,
      3,
      4,
      8,
      2,
      4,
      13,
      25,
      0,
      1,
      10,
      56,
      10,
      13,
      20,
      276,
      3,
      3,
      2
    ],
    [
      1,
      0,
      5,
      0,
      3,
      1,
      2,
      0,
      3,
      8,
      13,
      1,
      5,
      7,
      0,
      4,
      1,
      441,
      5,
      0
    ],
    [
      0,
      1,
      0,
      0,
      0,
      2,
      3,
      1,
      1,
      20,
      1,
      1,
      3,
      2,
      2,
      1,
      1,
      1,
      417,
      43
    ],
    [
      3,
      1,
      0,
      5,
      2,
      5,
      9,
      3,
      2,
      23,
      5,
      6,
      1,
      1,
      3,
      3,
      1,
      3,
      72,
      352
    ]
  ],
  "class_counts": {
    "0": 500,
    "1": 500,
    "2": 500,
    "3": 500,
    "4": 500,
    "5": 500,
    "6": 500,
    "7": 500,
    "8": 500,
    "9": 500,
    "10": 500,
    "11": 500,
    "12": 500,
    "13": 500,
    "14": 500,
    "15": 500,
    "16": 500,
    "17": 500,
    "18": 500,
    "19": 500
  }
}