{
  "loss": [
    2.4927926063537598,
    1.8411113023757935,
    1.727855920791626,
    1.664717197418213,
    1.6198350191116333,
    1.587973952293396,
    1.5771369934082031,
    1.5529296398162842,
    1.5365005731582642,
    1.5299187898635864,
    1.5200623273849487,
    1.5114489793777466,
    1.502670168876648,
    1.4983736276626587,
    1.5089234113693237,
    1.5008472204208374,
    1.4943033456802368,
    1.4896926879882812,
    1.4816744327545166,
    1.4784607887268066,
    1.4786635637283325,
    1.4816302061080933
  ],
  "accuracy": [
    0.38993334770202637,
    0.5124222040176392,
    0.5352222323417664,
    0.5494222044944763,
    0.5583999752998352,
    0.5671333074569702,
    0.5690666437149048,
    0.5758000016212463,
    0.5771999955177307,
    0.5786222219467163,
    0.5800222158432007,
    0.5828889012336731,
    0.5861555337905884,
    0.586733341217041,
    0.5852222442626953,
    0.586222231388092,
    0.5872222185134888,
    0.5875555276870728,
    0.5903111100196838,
    0.5892888903617859,
    0.5886666774749756,
    0.588866651058197
  ],
  "val_loss": [
    1.384283185005188,
    1.2410608530044556,
    1.1928564310073853,
    1.1622910499572754,
    1.1442193984985352,
    1.1397948265075684,
    1.134385585784912,
    1.1277967691421509,
    1.1248644590377808,
    1.1187793016433716,
    1.1217106580734253,
    1.1232235431671143,
    1.119127869606018,
    1.1150044202804565,
    1.120637059211731,
    1.115313172340393,
    1.1209654808044434,
    1.123679518699646,
    1.117344856262207,
    1.1160986423492432,
    1.1169195175170898,
    1.1190083026885986
  ],
  "val_accuracy": [
    0.6370000243186951,
    0.6556000113487244,
    0.6700000166893005,
    0.6751999855041504,
    0.6782000064849854,
    0.6851999759674072,
    0.682200014591217,
    0.6880000233650208,
    0.6869999766349792,
    0.6877999901771545,
    0.6845999956130981,
    0.6858000159263611,
    0.6850000023841858,
    0.6877999901771545,
    0.6909999847412109,
    0.6904000043869019,
    0.6883999705314636,
    0.6855999827384949,
    0.6886000037193298,
    0.6863999962806702,
    0.6891999840736389,
    0.6877999901771545
  ]
}